{"cameraMode":{"drawMode":0,"name":"Shaded","section":"Shading Mode"},"sceneLighting":true,"audioPlay":false,"sceneViewState":{"showFog":true,"showMaterialUpdate":true,"showSkybox":true,"showFlares":true,"showImageEffects":true,"showParticleSystems":true},"in2DMode":false,"pivot":{"x":-3.833202600479126,"y":1.5799999237060547,"z":-0.2020992785692215},"rotation":{"x":-0.14095023274421693,"y":0.5371084809303284,"z":-0.09166612476110459,"w":-0.8268387317657471},"size":22.0,"orthographic":false}