{"cameraMode":{"drawMode":0,"name":"Shaded","section":"Shading Mode"},"sceneLighting":true,"audioPlay":false,"sceneViewState":{"showFog":true,"showMaterialUpdate":true,"showSkybox":false,"showFlares":true,"showImageEffects":true,"showParticleSystems":true},"in2DMode":false,"pivot":{"x":0.3276216387748718,"y":0.13865713775157929,"z":-0.13087673485279084},"rotation":{"x":-0.06241646781563759,"y":-0.3658674955368042,"z":0.02397169917821884,"w":-0.9283762574195862},"size":0.7144709229469299,"orthographic":false}