{"cameraMode":{"drawMode":0,"name":"Shaded","section":"Shading Mode"},"sceneLighting":true,"audioPlay":false,"sceneViewState":{"showFog":true,"showMaterialUpdate":false,"showSkybox":true,"showFlares":true,"showImageEffects":true,"showParticleSystems":true},"in2DMode":false,"pivot":{"x":-5.596255302429199,"y":-0.18467217683792115,"z":1.2663311958312989},"rotation":{"x":-0.08896377682685852,"y":0.7675148844718933,"z":-0.10918506979942322,"w":-0.6253695487976074},"size":10.0,"orthographic":false}